key,title,message,instantiation,link,email,nickname
peep-01,37caracteressssssssssssssssssssssssss,50caracteresssssssssssssssssssssssssssssssssssssss,2022/01/16 19:30,,example@mail.com,37caracteressssssssssssssssssssssssss
peep-02,75caracteressssssssssssssssssssssssssssssssssssssssssssssssssssssssssssssss,100caracteressssssssssssssssssssssssssssssssssssssssssssssssssssssssssssssssssssssssssssssssssssssss,2021/07/16 19:30,,example@mail.com,75caracteressssssssssssssssssssssssssssssssssssssssssssssssssssssssssssssss
peep-03,a,a,2022/02/16 19:30,https://www.example.com/,peep@gmail.com,peep1
peep-04,Prueba peep,Esto es un mensaje de prueba,2022/04/16 19:30,,,company1
peep-05,Prueba peep,Esto es un mensaje de prueba,2022/03/20 10:30,,tester@gmail.com,tester peep
peep-06,Prueba peep,Esto es un mensaje de prueba,2022/07/30 00:00,,tester@gmail.com,lecturer1
peep-07,Prueba peep,Esto es un mensaje de prueba,2022/07/29 23:59,,tester@gmail.com,tester peep
peep-08,Prueba peep caracteres extraños,Caracteres extraños incluyen '#ñáéíóúàèìòùäëïöüâêîôç',2022/04/16 19:30,https://www.spain.com/,example2@gmail.com,tester peep con Ñ
peep-09,Prueba peep en otro idioma,这是一条中文窥视测试消息,2022/04/16 19:30,https://exmple2.com/,example2@gmail.com,tester peep chino
